"name","deadwood_c_n_ratio","deadwood_c_p_ratio","stem_lignin","foliage_c_n_ratio","foliage_c_p_ratio","leaf_lignin","leaf_turnover_c_n_ratio","leaf_turnover_c_p_ratio","senesced_leaf_lignin","plant_reproductive_tissue_turnover_c_n_ratio","plant_reproductive_tissue_turnover_c_p_ratio","mature_fruit_c_n_ratio","mature_fruit_c_p_ratio","mature_fruit_c_mass","carbon_mass_per_propagule","plant_reproductive_tissue_lignin","flower_c_n_ratio","flower_c_p_ratio","root_turnover_c_n_ratio","root_turnover_c_p_ratio","root_lignin"
"emergent",1069.53,9179.05,0.31318082788671,24.4,485.96,0.29,48.8977955911824,1117.14942528736,0.29,37.1222841063908,598.922484461952,64.0759493670886,82.983606557377,4.069848,1.179446,0.177795337811142,49.105,54.2596685082873,32.7536231884058,869.230769230769,0.304203539823009
"overstory",1069.53,9179.05,0.31318082788671,27.27,549.75,0.24,54.6492985971944,1263.79310344828,0.24,37.1222841063908,598.922484461952,64.0759493670886,82.983606557377,4.069848,1.179446,0.177795337811142,49.105,54.2596685082873,32.7536231884058,869.230769230769,0.304203539823009
"pioneer",1069.53,9179.05,0.31318082788671,21.53,382.31,0.17,43.1462925851703,878.873563218391,0.17,37.1222841063908,598.922484461952,64.0759493670886,82.983606557377,4.069848,1.179446,0.177795337811142,49.105,54.2596685082873,32.7536231884058,869.230769230769,0.304203539823009
"understory",1069.53,9179.05,0.31318082788671,25.83,479.27,0.25,51.7635270541082,1101.77011494253,0.25,37.1222841063908,598.922484461952,64.0759493670886,82.983606557377,4.069848,1.179446,0.177795337811142,49.105,54.2596685082873,32.7536231884058,869.230769230769,0.304203539823009
