"PFT_name","CN_sapwood_mean","CP_sapwood_mean","stem_lignin","CN_leaf_mean","CP_leaf_mean","lignin_leaf_mean","reproductive_organ_CN","reproductive_organ_CP","mature_fruit_CN","mature_fruit_CP","flower_CN","flower_CP","fine_root_CN","fine_root_CP","fine_root_lignin"
"emergent",1069.53,9179.05,31.318082788671,24.44,483.94,28.61,37.1222841063908,598.922484461952,64.0759493670886,82.983606557377,49.105,54.2596685082873,32.7536231884058,869.230769230769,30.4203539823009
"overstory",1069.53,9179.05,31.318082788671,29.18,634.32,22.13,37.1222841063908,598.922484461952,64.0759493670886,82.983606557377,49.105,54.2596685082873,32.7536231884058,869.230769230769,30.4203539823009
"pioneer",1069.53,9179.05,31.318082788671,21.41,382.24,18.22,37.1222841063908,598.922484461952,64.0759493670886,82.983606557377,49.105,54.2596685082873,32.7536231884058,869.230769230769,30.4203539823009
"understory",1069.53,9179.05,31.318082788671,27.99,520.54,26.65,37.1222841063908,598.922484461952,64.0759493670886,82.983606557377,49.105,54.2596685082873,32.7536231884058,869.230769230769,30.4203539823009
