"PFT_name","CN_sapwood_mean","CP_sapwood_mean","CN_leaf_mean","CP_leaf_mean","lignin_leaf_mean","reproductive_organ_CN","reproductive_organ_CP","mature_fruit_CN","mature_fruit_CP","flower_CN","flower_CP"
"emergent",1069.53,9179.05,24.44,483.94,28.61,37.1222841063908,598.922484461952,64.0759493670886,82.983606557377,49.105,54.2596685082873
"overstory",1069.53,9179.05,29.18,634.32,22.13,37.1222841063908,598.922484461952,64.0759493670886,82.983606557377,49.105,54.2596685082873
"pioneer",1069.53,9179.05,21.41,382.24,18.22,37.1222841063908,598.922484461952,64.0759493670886,82.983606557377,49.105,54.2596685082873
"understory",1069.53,9179.05,27.99,520.54,26.65,37.1222841063908,598.922484461952,64.0759493670886,82.983606557377,49.105,54.2596685082873
