"PFT","PFT_name","Hm","Hm_SE","a","a_SE","c","c_SE","WD_NB","WD_NB_SD","SLA","SLA_SD","TaxaNames","Trees"
1,"emergent",41.7481005395296,1.37,75.980201687439,1.39,347.613130355669,9.16,232.14,53.26,23.35,6.01,82,2131
2,"overstory",27.920754443662,4.47,93.6069135303814,8.26,1126.38473217434,136.15,274.34,50.91,24.13,4.74,16,147
3,"pioneer",20.6693746125675,1,91.1623246943645,3.21,556.770070035051,21.75,189.33,27.92,24.51,4.66,16,1099
4,"understory",16.5065915098298,5.24,84.9789754882738,15.22,757.192742039317,106.91,295.19,48.25,24.64,6.8,14,153
