type,stock
leaf,0.1448955104047994
other,0.05180935478636745
reproduction,0.0026800060711983566
wood,0.05030886601575134
