CN,CP
9.557619456777717,55.47588996308548
